<?xml version="1.0" encoding="UTF-8"?>
<beans  xmlns="http://www.springframework.org/schema/beans"   
        xmlns:xsi="http://www.w3.org/2001/XMLSchema-instance"     
           xmlns:context="http://www.springframework.org/schema/context" 
           xsi:schemaLocation="http://www.springframework.org/schema/beans    
           http://www.springframework.org/schema/beans/spring-beans.xsd      
           http://www.springframework.org/schema/context        
           http://www.springframework.org/schema/context/spring-context.xsd">   
   <context:annotation-config></context:annotation-config>
  <!--  <context:component-scan base-package="com.demo"></context:component-scan> -->
   <bean id="user1" class="com.demo.User" scope="prototype">
   <property name="userName" value="Ria"></property>
   </bean>
      
   <bean id="user2" class="com.demo.User">
   <property name="userName" value="Raj"></property>
   </bean>
   <bean id="login" class="com.demo.Login">
   <property name="id" value="${id}"></property>
   </bean>
   
   <bean class="org.springframework.beans.factory.config.PropertyPlaceholderConfigurer">
		<property name="locations" value="classpath:login.properties" />
	</bean>
   
    </beans>